Book Id,Title,Author,Author l-f,Additional Authors,ISBN,ISBN13,My Rating,Average Rating,Publisher,Binding,Number of Pages,Year Published,Original Publication Year,Date Read,Date Added,Bookshelves,Bookshelves with positions,Exclusive Shelf,My Review,Spoiler,Private Notes,Read Count,Recommended For,Recommended By,Owned Copies,Original Purchase Date,Original Purchase Location,Condition,Condition Description,BCID
72579,Alias Grace,Margaret Atwood,"Atwood, Margaret",,"=""0385475713""","=""9780385475716""",0,3.98,Doubleday Nan A. Talese,Hardcover,468,1996,1996,,2017/06/10,to-read,to-read (#39),to-read,,,,0,,,0,,,,,
29363252,"Conflict Is Not Abuse: Overstating Harm, Community Responsibility, and the Duty of Repair",Sarah Schulman,"Schulman, Sarah",,"=""1551526433""","=""9781551526430""",0,3.97,Arsenal Pulp Press,Paperback,299,2016,2016,,2017/06/10,to-read,to-read (#38),to-read,,,,0,,,0,,,,,
18693771,"The Body Keeps the Score: Brain, Mind, and Body in the Healing of Trauma",Bessel A. van der Kolk,"Kolk, Bessel A. van der",,"=""0670785938""","=""9780670785933""",5,4.62,Viking,Hardcover,443,2014,2014,,2017/06/10,nonfiction,nonfiction (#19),read,"This is an INCREDIBLE book. I knew of trauma, but I had no inkling of its astonishingly multivariable effects on the brain and body. This book radically helped me understand the people in my life who have experienced trauma. Much like Oliver Sack's style of writing, Dr. van der Kolk mixes anecdotes from his clinical experience with broader discussions of the research around and public policy affecting trauma victims. It is very effective and engaging. ",,,1,,,0,,,,,
34489832,Rules for Resistance: Advice from Around the Globe for the Age of Trump,David    Cole,"Cole, David",Melanie Wachtell Stinnett,"=""1620973545""","=""9781620973547""",0,3.60,New Press,Paperback,,2017,,,2017/06/03,to-read,to-read (#37),to-read,,,,0,,,0,,,,,
8441547,"I Know I Am, But What Are You?",Samantha Bee,"Bee, Samantha",,"=""""","=""""",4,3.56,,Kindle Edition,260,,2010,2017/05/28,2017/05/28,,,read,,,,1,,,0,,,,,
31938963,"A Court of Wings and Ruin (A Court of Thorns and Roses, #3)",Sarah J. Maas,"Maas, Sarah J.",,"=""""","=""""",5,4.53,Bloomsbury USA Childrens,Kindle Edition,707,2017,2017,2017/05/12,2017/05/07,,,read,,,,1,,,0,,,,,
24367204,Why Not Me?,Mindy Kaling,"Kaling, Mindy",,"=""""","=""""",4,3.89,Crown Archetype,Kindle Edition,240,2015,2015,2017/05/07,2017/05/07,,,read,,,,1,,,0,,,,,
17927395,"A Court of Mist and Fury (A Court of Thorns and Roses, #2)",Sarah J. Maas,"Maas, Sarah J.",,"=""""","=""""",5,4.72,Bloomsbury USA Childrens,Kindle Edition,626,2016,2016,,2017/04/27,,,read,,,,1,,,0,,,,,
23666139,"A Court of Thorns and Roses (A Court of Thorns and Roses, #1)",Sarah J. Maas,"Maas, Sarah J.",,"=""""","=""""",4,4.28,Bloomsbury USA Children's,Kindle Edition,432,2015,2015,,2017/04/27,,,read,,,,1,,,0,,,,,
23243709,"The Unkindest Tide (October Daye, #13)",Seanan McGuire,"McGuire, Seanan",,"=""""","=""""",0,4.36,DAW Books,,,2019,2019,,2017/04/24,to-read,to-read (#36),to-read,,,,0,,,0,,,,,
23243695,"Night and Silence (October Daye, #12)",Seanan McGuire,"McGuire, Seanan",,"=""""","=""""",0,4.18,DAW Books,,,2018,2018,,2017/04/24,to-read,to-read (#35),to-read,,,,0,,,0,,,,,
23383896,"The Brightest Fell (October Daye, #11)",Seanan McGuire,"McGuire, Seanan",,"=""0756413311""","=""9780756413316""",0,4.43,DAW,Hardcover,368,2017,2017,,2017/04/24,to-read,to-read (#34),to-read,,,,0,,,0,,,,,
28815482,"Once Broken Faith (October Daye, #10)",Seanan McGuire,"McGuire, Seanan",,"=""0756408105""","=""9780756408107""",5,4.39,DAW,Mass Market Paperback,420,2016,2016,,2017/04/24,"ya, to-read","ya (#66), to-read (#33)",to-read,,,,1,,,0,,,,,
28360360,"Full of Briars (October Daye, #9.3)",Seanan McGuire,"McGuire, Seanan",,"=""""","=""""",0,4.09,DAW,Kindle Edition,44,2016,2016,,2017/04/24,to-read,to-read (#32),to-read,,,,0,,,0,,,,,
15748535,"A Red-Rose Chain (October Daye, #9)",Seanan McGuire,"McGuire, Seanan",,"=""1472120205""","=""9781472120205""",5,4.30,Corsair ,Paperback,367,2016,2015,,2017/04/24,ya,ya (#65),read,,,,1,,,0,,,,,
16368455,Shattered Shields,Jennifer Brozek,"Brozek, Jennifer","Bryan Thomas Schmidt, Seanan McGuire, Larry Correia, Elizabeth Moon, Sarah A. Hoyt, Glen Cook, David Farland, Robin Wayne Bailey, John R. Fultz, Dave Gross, Wendy N. Wagner, James L. Sutter, Annie Bellet, Joe Zieja, Cat Rambo, Gray Rinehart, John Helfers, Nancy Fulda","=""1476737010""","=""9781476737010""",0,3.60,Baen Books,Paperback,260,2014,2014,,2017/04/24,to-read,to-read (#31),to-read,,,,0,,,0,,,,,
28462224,"Heaps of Pearl (October Daye, #8.1)",Seanan McGuire,"McGuire, Seanan",,"=""""","=""""",0,4.10,,ebook,24,2016,2016,,2017/04/24,to-read,to-read (#30),to-read,,,,0,,,0,,,,,
15748529,"The Winter Long (October Daye, #8)",Seanan McGuire,"McGuire, Seanan",,"=""0756408083""","=""9780756408084""",5,4.39,DAW,Mass Market Paperback,358,2014,2014,,2017/04/24,ya,ya (#64),read,,,,1,,,0,,,,,
18518138,"Forbid the Sea (October Daye, #7.2)",Seanan McGuire,"McGuire, Seanan",,"=""""","=""""",0,3.90,Seanan McGuire,ebook,20,2013,2013,,2017/04/24,to-read,to-read (#29),to-read,,,,0,,,0,,,,,
28448614,"Never Shines the Sun (October Daye, #7.1)",Seanan McGuire,"McGuire, Seanan",,"=""""","=""""",0,4.05,DAW,ebook,9,2013,,,2017/04/24,to-read,to-read (#28),to-read,,,,0,,,0,,,,,
10184403,"Chimes at Midnight (October Daye, #7)",Seanan McGuire,"McGuire, Seanan",,"=""0756408148""","=""9780756408145""",5,4.37,DAW,Mass Market Paperback,346,2013,2013,,2017/04/24,ya,ya (#63),read,,,,1,,,0,,,,,
24357633,"No Sooner Met (October Daye, #6.2)",Seanan McGuire,"McGuire, Seanan",,"=""""","=""""",0,4.04,Seanan McGuire,ebook,25,2015,2015,,2017/04/24,to-read,to-read (#27),to-read,,,,0,,,0,,,,,
31555521,"Rat-Catcher (October Daye, #6.1)",Seanan McGuire,"McGuire, Seanan",,"=""""","=""""",0,4.03,Lightspeed Magazine,ebook,,2016,2012,,2017/04/24,to-read,to-read (#26),to-read,,,,0,,,0,,,,,
16074215,A Fantasy Medley 2,Yanni Kuznia,"Kuznia, Yanni","Tanya Huff, Amanda Downum, Jasper Kent, Seanan McGuire","=""1596065141""","=""9781596065147""",0,3.76,Subterranean Press,Hardcover,160,2012,2012,,2017/04/24,to-read,to-read (#25),to-read,,,,0,,,0,,,,,
10184345,"Ashes of Honor (October Daye, #6)",Seanan McGuire,"McGuire, Seanan",,"=""""","=""""",5,4.38,DAW,Kindle Edition,353,2012,2012,,2017/04/24,,,read,,,,1,,,0,,,,,
15844724,"In Sea-Salt Tears (October Daye, #5.1)",Seanan McGuire,"McGuire, Seanan",,"=""""","=""""",5,4.21,,ebook,24,2012,2012,,2017/04/24,"ya, to-read","ya (#62), to-read (#24)",to-read,,,,1,,,0,,,,,
10783217,"One Salt Sea (October Daye, #5)",Seanan McGuire,"McGuire, Seanan",,"=""0756406838""","=""9780756406837""",5,4.32,DAW,Mass Market Paperback,354,2011,2011,,2017/04/24,ya,ya (#61),read,,,,1,,,0,,,,,
9450406,Home Improvement: Undead Edition,Charlaine Harris,"Harris, Charlaine","Toni L.P. Kelner, Victor Gischler, Patricia Briggs, Rochelle Krich, Heather Graham, James Grady, Melissa Marr, E.E. Knight, Seanan McGuire, S.J. Rozan, Stacia Kane, Suzanne McLeod, Simon R. Green","=""0441020356""","=""9780441020355""",0,3.63,Ace,Hardcover,340,2011,2011,,2017/04/24,to-read,to-read (#23),to-read,,,,0,,,0,,,,,
8496901,"Late Eclipses (October Daye, #4)",Seanan McGuire,"McGuire, Seanan",,"=""0756406668""","=""9780756406660""",5,4.27,DAW,Mass Market Paperback,372,2011,2011,,2017/04/24,ya,ya (#60),read,,,,1,,,0,,,,,
6782468,"An Artificial Night (October Daye, #3)",Seanan McGuire,"McGuire, Seanan",,"=""0756406269""","=""9780756406264""",5,4.17,DAW,Mass Market Paperback,354,2010,2010,,2017/04/24,ya,ya (#59),read,,,,1,,,0,,,,,
6782465,"A Local Habitation (October Daye, #2)",Seanan McGuire,"McGuire, Seanan",,"=""0756405963""","=""9780756405960""",5,3.90,DAW,Mass Market Paperback,377,2010,2010,,2017/04/24,ya,ya (#58),read,,,,1,,,0,,,,,
6294549,"Rosemary and Rue (October Daye, #1)",Seanan McGuire,"McGuire, Seanan",,"=""0756405718""","=""9780756405717""",5,3.75,DAW BOOKS Inc,Mass Market Paperback,346,2009,2009,,2017/04/24,ya,ya (#57),read,,,,1,,,0,,,,,
23444482,The Traitor Baru Cormorant,Seth Dickinson,"Dickinson, Seth",,"=""0765380722""","=""9780765380722""",0,4.04,Tor,Hardcover,399,2015,2015,,2017/04/23,to-read,to-read (#22),to-read,,,,0,,,0,,,,,
12844699,"Libriomancer (Magic Ex Libris, #1)",Jim C. Hines,"Hines, Jim C.",,"=""0756407397""","=""9780756407391""",0,3.81,DAW,Hardcover,308,2012,2012,,2017/04/23,to-read,to-read (#21),to-read,,,,0,,,0,,,,,
32186290,Smoke and Ashes (Tremontaine #2.12),Mary Anne Mohanraj,"Mohanraj, Mary Anne","Tessa Gratton, Joel Derfner, Alaya Dawn Johnson, Ellen Kushner, Racheline Maltese, Paul Witcover","=""""","=""9781682101209""",0,4.22,Serial Box Publishing,ebook,,2017,,,2017/03/14,to-read,to-read (#20),to-read,,,,0,,,0,,,,,
32183896,Blood and Silk (Tremontaine #2.6),Mary Anne Mohanraj,"Mohanraj, Mary Anne","Tessa Gratton, Alaya Dawn Johnson, Paul Wticover, Ellen Kushner, Racheline Maltese, Joel Derfner","=""""","=""9781682101148""",0,4.27,Serial Box Publishing,ebook,,2016,,,2017/03/14,to-read,to-read (#19),to-read,,,,0,,,0,,,,,
32183096,Fireworks (Tremontaine #2.3),Mary Anne Mohanraj,"Mohanraj, Mary Anne","Joel Derfner, Tessa Gratton, Racheline Maltese, Alaya Dawn Johnson, Ellen Kushner, Paul Witcover","=""""","=""9781682101117""",0,4.26,Serial Box Publishing,ebook,,2016,,,2017/03/14,to-read,to-read (#18),to-read,,,,0,,,0,,,,,
25555340,The Fox,Malinda Lo,"Lo, Malinda",,"=""""","=""""",0,3.84,"Little, Brown Books for Young Readers",ebook,,2011,2011,,2017/03/14,to-read,to-read (#17),to-read,,,,0,,,0,,,,,
9415946,Huntress,Malinda Lo,"Lo, Malinda",,"=""031604007X""","=""9780316040075""",5,3.78,"Little, Brown Books for Young Readers",Hardcover,371,2011,2011,,2017/03/14,ya,ya (#56),read,,,,1,,,0,,,,,
8202129,Ash,Malinda Lo,"Lo, Malinda",,"=""""","=""""",5,3.62,"Little, Brown Books for Young Readers",Kindle Edition,284,2009,2009,,2017/03/11,,,read,,,,1,,,0,,,,,
52397,"Parable of the Sower (Earthseed, #1)",Octavia E. Butler,"Butler, Octavia E.",,"=""0446675504""","=""9780446675505""",0,4.14,Grand Central Publishing,Paperback,345,2000,1993,,2017/01/13,currently-reading,currently-reading (#2),currently-reading,,,,1,,,0,,,,,
28048,Hope in the Dark,Rebecca Solnit,"Solnit, Rebecca",,"=""1841956600""","=""9781841956602""",0,4.11,Canongate Books,Paperback,192,2005,2004,,2016/12/12,to-read,to-read (#16),to-read,,,,0,,,0,,,,,
223380,Stories of Your Life and Others,Ted Chiang,"Chiang, Ted",,"=""0330426648""","=""9780330426640""",5,4.27,Small Beer Press,ebook,281,2010,2002,2016/12/30,2016/12/10,fiction,fiction (#23),read,,,,1,,,0,,,,,
31948742,Born a Crime: Stories from a South African Childhood,Trevor Noah,"Noah, Trevor",,"=""""","=""""",5,4.47,Spiegel & Grau,Kindle Edition,298,2016,2016,2017/06/10,2016/11/19,,,read,"This is an incredible book. I was pretty neutral on Trevor Noah before I started, and now I admire and respect him. He had an insane childhood and reflects on it with astonishing insight. ",,,1,,,0,,,,,
61975,"Dragonflight (Dragonriders of Pern, #1)",Anne McCaffrey,"McCaffrey, Anne",Teodor Panasiński,"=""0345484266""","=""9780345484260""",5,4.10,Del Rey,Paperback,299,2005,1968,,2016/11/19,,,read,,,,1,,,0,,,,,
77368,Spindle's End,Robin McKinley,"McKinley, Robin",,"=""0441008658""","=""9780441008650""",3,3.79,Ace,Paperback,354,2001,2000,,2016/11/19,,,read,,,,1,,,0,,,,,
26210426,"The Commander (The Last Oracle, #1.5)",Emily Wibberley,"Wibberley, Emily",,"=""""","=""""",0,3.96,Paranoid Productions,Kindle Edition,15,2015,2015,,2016/11/19,to-read,to-read (#15),to-read,,,,0,,,0,,,,,
25972104,"Divined (The Last Oracle, #3)",Emily Wibberley,"Wibberley, Emily",,"=""1530825547""","=""9781530825547""",0,4.21,Wibbs Ink,Paperback,402,2016,,,2016/11/19,to-read,to-read (#14),to-read,,,,0,,,0,,,,,
18144453,"Iron & Velvet (Kate Kane, Paranormal Investigator, #1)",Alexis  Hall,"Hall, Alexis",,"=""1626490481""","=""9781626490482""",3,3.78,Riptide Publishing,ebook,277,2013,2013,2016/12/30,2016/11/19,,,read,,,,1,,,0,,,,,
16068905,Fangirl,Rainbow Rowell,"Rowell, Rainbow",,"=""""","=""""",5,4.12,St. Martin's Press,Kindle Edition,481,2013,2013,2017/01/13,2016/11/12,"fiction, ya","fiction (#24), ya (#55)",read,,,,1,,,0,,,,,
26371413,Queer Clout: Chicago and the Rise of Gay Politics,Timothy Stewart-Winter,"Stewart-Winter, Timothy",,"=""0812247914""","=""9780812247916""",4,4.12,University of Pennsylvania Press,Hardcover,320,2015,2015,,2016/10/21,nonfiction,nonfiction (#17),read,,,,1,,,0,,,,,
26200563,Hamilton: The Revolution,Lin-Manuel Miranda,"Miranda, Lin-Manuel",Jeremy McCarter,"=""1455539740""","=""9781455539741""",5,4.47,Grand Central Publishing,Hardcover,288,2016,2016,,2016/10/17,comic-books,comic-books (#14),read,,,,1,,,0,,,,,
5931169,"Santa Olivia (Santa Olivia, #1)",Jacqueline Carey,"Carey, Jacqueline",,"=""044619817X""","=""9780446198172""",5,3.83,Grand Central Publishing (Hachette),Paperback,341,2009,2009,,2016/10/17,ya,ya (#54),read,,,,1,,,0,,,,,
7937653,The Mind's Eye,Oliver Sacks,"Sacks, Oliver",,"=""033050889X""","=""9780330508896""",4,3.88,Picador USA,Hardcover,263,2010,2010,,2016/10/17,nonfiction,nonfiction (#16),read,,,,1,,,0,,,,,
63697,The Man Who Mistook His Wife for a Hat and Other Clinical Tales,Oliver Sacks,"Sacks, Oliver",,"=""0684853949""","=""9780684853949""",4,4.04,Touchstone,Paperback,243,1998,1985,,2016/10/17,nonfiction,nonfiction (#15),read,,,,1,,,0,,,,,
23995384,The Only Woman in the Room: Why Science is Still A Boys' Club,Eileen Pollack,"Pollack, Eileen",,"=""0807046574""","=""9780807046579""",5,3.62,Beacon Press,Hardcover,266,2015,2015,,2016/10/16,nonfiction,nonfiction (#14),read,,,,1,,,0,,,,,
25733983,Lab Girl,Hope Jahren,"Jahren, Hope",,"=""1101874937""","=""9781101874936""",5,4.04,Knopf,Hardcover,290,2016,2016,2017/01/13,2016/10/16,nonfiction,nonfiction (#18),read,,,,1,,,0,,,,,
7061,"The No. 1 Ladies' Detective Agency  (No. 1 Ladies' Detective Agency, #1)",Alexander McCall Smith,"Smith, Alexander McCall",,"=""1400034779""","=""9781400034772""",5,3.75,Anchor,Paperback,235,2003,1998,,2016/10/16,"favorites, fiction","favorites (#23), fiction (#22)",read,,,,1,,,0,,,,,
24645992,The Price of Salt: OR Carol,Patricia Highsmith,"Highsmith, Patricia",,"=""""","=""""",4,3.93,Dover Publications,Kindle Edition,260,2015,1952,,2016/10/16,fiction,fiction (#21),read,,,,1,,,0,,,,,
26135825,Fun Home: A Family Tragicomic,Alison Bechdel,"Bechdel, Alison",,"=""0618871713""","=""9780618871711""",5,4.11,Mariner Books,Paperback,232,2007,2006,,2016/10/16,"comic-books, favorites","comic-books (#13), favorites (#22)",read,,,,1,,,0,,,,,
60931,Kindred,Octavia E. Butler,"Butler, Octavia E.",,"=""0807083690""","=""9780807083697""",0,4.19,Beacon Press,Paperback,287,2004,1979,,2016/10/16,to-read,to-read (#13),to-read,,,,0,,,0,,,,,
18423,The Left Hand of Darkness,Ursula K. Le Guin,"Guin, Ursula K. Le",Lech Jęczmyk,"=""0441007317""","=""9780441007318""",4,4.05,Ace,Paperback,304,2000,1969,,2016/10/16,fiction,fiction (#20),read,,,,1,,,0,,,,,
3011095,Jane Eyre,Charlotte Brontë,"Brontë, Charlotte",,"=""3895082597""","=""9783895082597""",5,4.10,Konemann,Paperback,533,1998,1847,,2016/10/16,fiction,fiction (#18),read,,,,1,,,0,,,,,
6149,Beloved,Toni Morrison,"Morrison, Toni",,"=""1400033411""","=""9781400033416""",4,3.77,Vintage,Paperback,324,2004,1987,,2016/10/16,fiction,fiction (#19),read,,,,1,,,0,,,,,
22738563,We Should All Be Feminists,Chimamanda Ngozi Adichie,"Adichie, Chimamanda Ngozi",,"=""""","=""""",0,4.47,Vintage,Kindle Edition,52,2014,2014,,2016/10/16,to-read,to-read (#12),to-read,,,,0,,,0,,,,,
38447,The Handmaid's Tale,Margaret Atwood,"Atwood, Margaret",,"=""038549081X""","=""9780385490818""",5,4.07,Anchor Books,Paperback,311,1998,1985,2017/01/13,2016/10/16,,,read,,,,1,,,0,,,,,
18813642,Bad Feminist,Roxane Gay,"Gay, Roxane",,"=""0062282719""","=""9780062282712""",5,3.91,Harper Perennial,Paperback,320,2014,2014,,2016/10/16,nonfiction,nonfiction (#13),read,,,,1,,,0,,,,,
29246432,"Black Panther: A Nation Under Our Feet, Book 1",Ta-Nehisi Coates,"Coates, Ta-Nehisi","Brian Stelfreeze, Joe Sabino, Manny Mederos, Rian Hughes, Jack Kirby, Laura       Martin","=""1302900536""","=""9781302900533""",0,3.70,Marvel,Paperback,144,2016,2016,,2016/10/16,currently-reading,currently-reading (#1),currently-reading,,,,1,,,0,,,,,
8913370,Fingersmith,Sarah Waters,"Waters, Sarah",,"=""1101057025""","=""9781101057025""",3,4.02,Riverhead Books,ebook,592,2002,2002,2016/12/30,2016/10/16,,,read,,,,1,,,0,,,,,
25104465,Tipping the Velvet,Sarah Waters,"Waters, Sarah",,"=""""","=""""",5,4.00,"Riverhead Books, U.S.",Paperback,472,2000,1998,,2016/10/16,"favorites, fiction","favorites (#21), fiction (#17)",read,,,,1,,,0,,,,,
21855259,The Secret History of Wonder Woman,Jill Lepore,"Lepore, Jill",,"=""0385354045""","=""9780385354042""",5,3.70,Knopf,Hardcover,410,2014,2014,,2016/10/16,nonfiction,nonfiction (#12),read,,,,1,,,0,,,,,
26030711,"Rise of the Rocket Girls: The Women Who Propelled Us, from Missiles to the Moon to Mars",Nathalia Holt,"Holt, Nathalia",,"=""0316338923""","=""9780316338929""",0,3.88,"Little, Brown and Company",Hardcover,338,2016,2016,,2016/10/16,to-read,to-read (#11),to-read,,,,0,,,0,,,,,
29237211,"Saga, Vol. 7 (Saga, #7)",Brian K. Vaughan,"Vaughan, Brian K.",Fiona Staples,"=""1534300600""","=""9781534300606""",0,4.52,Image Comics,Paperback,152,2017,2017,,2016/10/16,to-read,to-read (#10),to-read,,,,0,,,0,,,,,
28862528,"Saga, Vol. 6 (Saga, #6)",Brian K. Vaughan,"Vaughan, Brian K.",Fiona Staples,"=""163215711X""","=""9781632157119""",0,4.49,Image Comics,Paperback,152,2016,2016,,2016/10/16,to-read,to-read (#9),to-read,,,,0,,,0,,,,,
25451555,"Saga, Vol. 5 (Saga, #5)",Brian K. Vaughan,"Vaughan, Brian K.",Fiona Staples,"=""1632154382""","=""9781632154385""",0,4.43,Image Comics,Paperback,152,2015,2015,,2016/10/16,to-read,to-read (#8),to-read,,,,0,,,0,,,,,
6671,The Wonderful Story of Henry Sugar and Six More,Roald Dahl,"Dahl, Roald",,"=""037581423X""","=""9780375814235""",5,4.15,Knopf Books for Young Readers,Hardcover,240,2001,1977,,2016/10/16,ya,ya (#1),read,,,,1,,,0,,,,,
6667,Boy: Tales of Childhood,Roald Dahl,"Dahl, Roald",Quentin Blake,"=""0141311401""","=""9780141311401""",5,4.09,Puffin Books,Paperback,176,2001,1984,,2016/10/16,ya,ya (#2),read,,,,1,,,0,,,,,
6690,Danny the Champion of the World,Roald Dahl,"Dahl, Roald",Quentin Blake,"=""0375814256""","=""9780375814259""",5,4.07,Knopf Books for Young Readers,Hardcover,224,2002,1975,,2016/10/16,ya,ya (#3),read,,,,1,,,0,,,,,
39988,Matilda,Roald Dahl,"Dahl, Roald",Quentin Blake,"=""0141301066""","=""9780141301068""",5,4.29,Puffin,Paperback,240,1998,1988,,2016/10/16,ya,ya (#4),read,,,,1,,,0,,,,,
13547258,"The Queen of Katwe: A Story of Life, Chess, and One Extraordinary Girl's Dream of Becoming a Grandmaster",Tim Crothers,"Crothers, Tim",,"=""1451657811""","=""9781451657814""",0,3.75,Scribner,Hardcover,224,2012,2012,,2016/10/16,"to-read, nonfiction","to-read (#7), nonfiction (#1)",to-read,,,,0,,,0,,,,,
15796700,Americanah,Chimamanda Ngozi Adichie,"Adichie, Chimamanda Ngozi",,"=""0307271080""","=""9780307271082""",0,4.26,Knopf,Hardcover,477,2013,2013,,2016/10/16,"to-read, fiction","to-read (#6), fiction (#1)",to-read,,,,0,,,0,,,,,
6493208,The Immortal Life of Henrietta Lacks,Rebecca Skloot,"Skloot, Rebecca",,"=""1400052173""","=""9781400052172""",3,4.04,Crown Publishing Group,Hardcover,370,2010,2010,,2016/10/16,nonfiction,nonfiction (#2),read,,,,1,,,0,,,,,
104896,"The Merlin Effect (Adventures of Kate, #3)",T.A. Barron,"Barron, T.A.",,"=""0441012221""","=""9780441012220""",5,3.84,Ace,Mass Market Paperback,288,2004,1994,,2016/10/16,ya,ya (#5),read,,,,1,,,0,,,,,
104903,"Heartlight (Adventures of Kate, #1)",T.A. Barron,"Barron, T.A.",,"=""0441010369""","=""9780441010363""",3,3.69,Ace,Mass Market Paperback,256,2003,1990,,2016/10/16,ya,ya (#6),read,,,,1,,,0,,,,,
31115139,"The Ancient One (Adventures of Kate, #2)",T.A. Barron,"Barron, T.A.",,"=""""","=""""",5,4.08,Puffin Books,Paperback,304,2016,1992,,2016/10/16,"favorites, ya","favorites (#19), ya (#7)",read,,,,1,,,0,,,,,
24761,"An Acceptable Time (A Wrinkle in Time Quintet, #5)",Madeleine L'Engle,"L'Engle, Madeleine",,"=""0440208149""","=""9780440208143""",0,3.86,Laurel Leaf Library,Paperback,343,1990,1989,,2016/10/16,"to-read, ya","to-read (#5), ya (#8)",to-read,,,,0,,,0,,,,,
151370,"Many Waters (A Wrinkle in Time Quintet, #4)",Madeleine L'Engle,"L'Engle, Madeleine",,"=""0312368577""","=""9780312368579""",4,4.01,Square Fish,Mass Market Paperback,352,2007,1986,,2016/10/16,ya,ya (#9),read,,,,1,,,0,,,,,
77276,"A Swiftly Tilting Planet (A Wrinkle in Time Quintet, #3)",Madeleine L'Engle,"L'Engle, Madeleine",,"=""0440401585""","=""9780440401582""",3,4.13,Laurel-Leaf Books,Mass Market Paperback,256,1979,1978,,2016/10/16,ya,ya (#10),read,,,,1,,,0,,,,,
18130,"A Wind in the Door (A Wrinkle in Time Quintet, #2)",Madeleine L'Engle,"L'Engle, Madeleine",,"=""""","=""9780440487616""",3,4.07,Dell Laurel-Leaf,Mass Market Paperback,203,1976,1973,,2016/10/16,ya,ya (#11),read,,,,1,,,0,,,,,
633270,"The Ear, the Eye, and the Arm",Nancy Farmer,"Farmer, Nancy",,"=""0140376410""","=""9780140376418""",3,3.85,Puffin,Mass Market Paperback,311,1995,1994,,2016/10/16,ya,ya (#12),read,,,,1,,,0,,,,,
11824,The Whipping Boy,Sid Fleischman,"Fleischman, Sid",Peter Sís,"=""0060521228""","=""9780060521226""",3,3.54,Greenwillow Books,Paperback,96,2003,1986,,2016/10/16,ya,ya (#13),read,,,,1,,,0,,,,,
9822,"Mrs. Frisby and the Rats of NIMH (Rats of NIMH, #1)",Robert C. O'Brien,"O'Brien, Robert C.",,"=""0689862202""","=""9780689862205""",5,4.13,Aladdin Paperbacks,Paperback,240,2003,1971,,2016/10/16,ya,ya (#14),read,,,,1,,,0,,,,,
47281,Number the Stars,Lois Lowry,"Lowry, Lois",,"=""0440227534""","=""9780440227533""",5,4.11,Laurel Leaf,Mass Market Paperback,137,1998,1989,,2016/10/16,ya,ya (#15),read,,,,1,,,0,,,,,
18131,"A Wrinkle in Time (A Wrinkle in Time Quintet, #1)",Madeleine L'Engle,"L'Engle, Madeleine",,"=""0440498058""","=""9780440498056""",4,4.04,Yearling Books,Paperback,211,1973,1962,,2016/10/16,ya,ya (#16),read,,,,1,,,0,,,,,
38709,"Holes (Holes, #1)",Louis Sachar,"Sachar, Louis",Louis Sachar,"=""0439244196""","=""9780439244190""",5,3.93,Scholastic,Paperback,233,2000,1998,,2016/10/16,ya,ya (#17),read,,,,1,,,0,,,,,
3980,From the Mixed-Up Files of Mrs. Basil E. Frankweiler,E.L. Konigsburg,"Konigsburg, E.L.",,"=""0744583276""","=""9780744583274""",5,4.15,Walker Books Ltd,Paperback,125,2003,1967,,2016/10/16,ya,ya (#18),read,,,,1,,,0,,,,,
13324841,"Son (The Giver, #4)",Lois Lowry,"Lowry, Lois",,"=""0547887205""","=""9780547887203""",0,3.98,HMH Books for Young Readers,Hardcover,393,2012,2012,,2016/10/16,"to-read, ya","to-read (#4), ya (#19)",to-read,,,,0,,,0,,,,,
12930,"Messenger (The Giver, #3)",Lois Lowry,"Lowry, Lois",,"=""0385732538""","=""9780385732536""",4,3.90,Ember,Paperback,169,2006,2004,,2016/10/16,ya,ya (#20),read,,,,1,,,0,,,,,
12936,"Gathering Blue (The Giver, #2)",Lois Lowry,"Lowry, Lois",,"=""0385732562""","=""9780385732567""",4,3.80,Delacorte Press,Paperback,240,2000,2000,,2016/10/16,ya,ya (#21),read,,,,1,,,0,,,,,
225243,"The Constellation of Sylvie (The Sylvie Cycle, #3)",Roderick Townley,"Townley, Roderick",,"=""0689857136""","=""9780689857133""",0,3.68,Atheneum Books,Hardcover,192,2006,2005,,2016/10/16,"to-read, ya","to-read (#3), ya (#22)",to-read,,,,0,,,0,,,,,
14979,"Into the Labyrinth (The Sylvie Cycle, #2)",Roderick Townley,"Townley, Roderick",Omar Rayyan,"=""1416913920""","=""9781416913924""",4,3.58,Aladdin Paperbacks,Paperback,254,2006,2002,,2016/10/16,ya,ya (#23),read,,,,1,,,0,,,,,
4117,"The Great Good Thing (The Sylvie Cycle, #1)",Roderick Townley,"Townley, Roderick",,"=""0689837143""","=""9780689837142""",5,3.88,Simon & Schuster Childrens Books,Paperback,224,2003,2001,,2016/10/16,ya,ya (#24),read,,,,1,,,0,,,,,
8088,Sunshine,Robin McKinley,"McKinley, Robin",,"=""0515138819""","=""9780515138818""",3,3.85,Jove,Mass Market Paperback,405,2004,2003,,2016/10/16,ya,ya (#25),read,,,,1,,,0,,,,,
77366,"The Hero and the Crown (Damar, #2)",Robin McKinley,"McKinley, Robin",,"=""0441328091""","=""9780441328093""",5,4.21,Ace,Mass Market Paperback,240,1987,1984,,2016/10/16,ya,ya (#26),read,,,,1,,,0,,,,,
407813,"The Blue Sword (Damar, #1)",Robin McKinley,"McKinley, Robin",,"=""0441068804""","=""9780441068807""",5,4.24,Ace,Paperback,256,1987,1982,,2016/10/16,ya,ya (#27),read,,,,1,,,0,,,,,
13831,"Alanna: The First Adventure (Song of the Lioness, #1)",Tamora Pierce,"Pierce, Tamora",,"=""0689878559""","=""9780689878558""",4,4.27,Simon Pulse,Mass Market Paperback,274,2005,1983,,2016/10/16,ya,ya (#28),read,,,,1,,,0,,,,,
24774,Clockwork,Philip Pullman,"Pullman, Philip",Leonid Gore,"=""043985623x""","=""9780439856232""",4,3.84,Scholastic,Paperback,144,2006,1996,,2016/10/16,ya,ya (#29),read,,,,1,,,0,,,,,
123070,The Firework-Maker's Daughter,Philip Pullman,"Pullman, Philip",S. Saelig Gallagher,"=""0439856248""","=""9780439856249""",5,3.69,Scholastic,Paperback,128,2006,1995,,2016/10/16,ya,ya (#30),read,,,,1,,,0,,,,,
531197,"Lyra's Oxford (His Dark Materials, #3.5)",Philip Pullman,"Pullman, Philip",John Lawrence,"=""0375828192""","=""9780375828195""",3,3.52,Knopf Books for Young Readers,Hardcover,64,2003,2003,,2016/10/16,ya,ya (#31),read,,,,1,,,0,,,,,
18122,"The Amber Spyglass (His Dark Materials, #3)",Philip Pullman,"Pullman, Philip",,"=""0440238153""","=""9780440238157""",5,4.07,Laurel Leaf,Mass Market Paperback,467,2003,2000,,2016/10/16,ya,ya (#32),read,,,,1,,,0,,,,,
119324,"The Subtle Knife (His Dark Materials, #2)",Philip Pullman,"Pullman, Philip",,"=""0679879250""","=""9780679879251""",5,4.10,Knopf Books for Young Readers,Hardcover,326,1997,1997,,2016/10/16,ya,ya (#33),read,,,,1,,,0,,,,,
25735012,"Career of Evil (Cormoran Strike, #3)",Robert Galbraith,"Galbraith, Robert",J.K. Rowling,"=""0316349933""","=""9780316349932""",4,4.21,Mulholland Books,Hardcover,492,2015,2015,,2016/10/16,fiction,fiction (#2),read,,,,1,,,0,,,,,
18214414,"The Silkworm (Cormoran Strike, #2)",Robert Galbraith,"Galbraith, Robert",J.K. Rowling,"=""0316206873""","=""9780316206877""",4,4.04,Mulholland Books,Hardcover,455,2014,2014,,2016/10/16,fiction,fiction (#3),read,,,,1,,,0,,,,,
16160797,"The Cuckoo's Calling (Cormoran Strike, #1)",Robert Galbraith,"Galbraith, Robert",J.K. Rowling,"=""0316206849""","=""9780316206846""",4,3.84,"Mulholland Books / Little, Brown and Company",Hardcover,455,2013,2013,,2016/10/16,fiction,fiction (#4),read,,,,1,,,0,,,,,
136251,"Harry Potter and the Deathly Hallows (Harry Potter, #7)",J.K. Rowling,"Rowling, J.K.",Mary GrandPré,"=""0545010225""","=""9780545010221""",5,4.61,Arthur A. Levine Books,Hardcover,759,2007,2007,,2016/10/16,ya,ya (#34),read,,,,1,,,0,,,,,
1,"Harry Potter and the Half-Blood Prince (Harry Potter, #6)",J.K. Rowling,"Rowling, J.K.",Mary GrandPré,"=""0439785960""","=""9780439785969""",5,4.54,Scholastic Inc.,Paperback,652,2006,2005,,2016/10/16,ya,ya (#35),read,,,,1,,,0,,,,,
2,"Harry Potter and the Order of the Phoenix (Harry Potter, #5)",J.K. Rowling,"Rowling, J.K.",Mary GrandPré,"=""0439358078""","=""9780439358071""",5,4.46,Scholastic Inc.,Paperback,870,2004,2003,,2016/10/16,ya,ya (#36),read,,,,1,,,0,,,,,
6,"Harry Potter and the Goblet of Fire (Harry Potter, #4)",J.K. Rowling,"Rowling, J.K.",Mary GrandPré,"=""0439139600""","=""9780439139601""",5,4.53,Scholastic Inc.,Paperback,734,2002,2000,,2016/10/16,ya,ya (#37),read,,,,1,,,0,,,,,
5,"Harry Potter and the Prisoner of Azkaban (Harry Potter, #3)",J.K. Rowling,"Rowling, J.K.",Mary GrandPré,"=""043965548X""","=""9780439655484""",5,4.53,Scholastic Inc.,Mass Market Paperback,435,2004,1999,,2016/10/16,ya,ya (#38),read,,,,1,,,0,,,,,
15881,"Harry Potter and the Chamber of Secrets (Harry Potter, #2)",J.K. Rowling,"Rowling, J.K.",Mary GrandPré,"=""0439064864""","=""9780439064866""",5,4.38,Scholastic Inc.,Hardcover,341,1999,1998,,2016/10/16,ya,ya (#39),read,,,,1,,,0,,,,,
3,"Harry Potter and the Sorcerer's Stone (Harry Potter, #1)",J.K. Rowling,"Rowling, J.K.",Mary GrandPré,"=""0439554934""","=""9780439554930""",5,4.44,Scholastic Inc,Hardcover,320,1997,1997,,2016/10/16,ya,ya (#40),read,,,,1,,,0,,,,,
23093367,"Saga, Vol. 4 (Saga, #4)",Brian K. Vaughan,"Vaughan, Brian K.",Fiona Staples,"=""1632150778""","=""9781632150776""",5,4.47,Image Comics,Paperback,152,2014,2014,,2016/10/16,"favorites, comic-books","favorites (#1), comic-books (#12)",read,,,,1,,,0,,,,,
19358975,"Saga, Vol. 3 (Saga, #3)",Brian K. Vaughan,"Vaughan, Brian K.",Fiona Staples,"=""1607069318""","=""9781607069317""",5,4.56,Image Comics,Paperback,144,2014,2014,,2016/10/16,"favorites, comic-books","favorites (#2), comic-books (#11)",read,,,,1,,,0,,,,,
17131869,"Saga, Vol. 2 (Saga, #2)",Brian K. Vaughan,"Vaughan, Brian K.",Fiona Staples,"=""1607066920""","=""9781607066927""",5,4.56,Image Comics,Paperback,144,2013,2013,,2016/10/16,"favorites, comic-books","favorites (#3), comic-books (#10)",read,,,,1,,,0,,,,,
15704307,"Saga, Vol. 1 (Saga, #1)",Brian K. Vaughan,"Vaughan, Brian K.",Fiona Staples,"=""1607066017""","=""9781607066019""",5,4.25,Image Comics,Paperback,160,2012,2012,,2016/10/16,"favorites, comic-books","favorites (#4), comic-books (#9)",read,,,,1,,,0,,,,,
528438,Lesbian Couples: A Guide to Creating Healthy Relationships,D. Merilee Clunis,"Clunis, D. Merilee",G. Dorsey Green,"=""1580051316""","=""9781580051316""",4,3.91,Seal Press,Paperback,368,2004,1988,,2016/10/16,nonfiction,nonfiction (#3),read,,,,1,,,0,,,,,
11832546,The Highest Frontier,Joan Slonczewski,"Slonczewski, Joan",,"=""1429984740""","=""9781429984744""",4,3.44,Tor Books,ebook,448,2011,2011,,2016/10/16,fiction,fiction (#5),read,,,,1,,,0,,,,,
465904,"Dragonsdawn (Pern, #9)",Anne McCaffrey,"McCaffrey, Anne",,"=""0893662135""","=""9780893662134""",5,4.17,Ultramarine Publishing Company,Hardcover,384,1988,1988,,2016/10/16,"favorites, fiction","favorites (#5), fiction (#6)",read,,,,1,,,0,,,,,
1183025,"Hatching Magic (Hatching Magic, #1)",Ann Downer-Hazell,"Downer-Hazell, Ann",,"=""1416924973""","=""9781416924975""",5,3.72,Aladdin Paperbacks,Paperback,242,2006,2003,,2016/10/16,ya,ya (#41),read,,,,1,,,0,,,,,
24137,"Catherine, Called Birdy",Karen Cushman,"Cushman, Karen",,"=""0060739428""","=""9780060739423""",4,3.70,HarperTrophy,Paperback,224,2004,1994,,2016/10/16,ya,ya (#42),read,,,,1,,,0,,,,,
24337,Ella Enchanted,Gail Carson Levine,"Levine, Gail Carson",,"=""0590920685""","=""9780590920681""",5,3.97,Scholastic Books,Paperback,232,1998,1997,,2016/10/16,"favorites, ya","favorites (#6), ya (#43)",read,,,,1,,,0,,,,,
72543,The Door in the Wall,Marguerite de Angeli,"Angeli, Marguerite de",,"=""0440227798""","=""9780440227793""",5,3.73,Laurel Leaf,Mass Market Paperback,128,1998,1949,,2016/10/16,"favorites, ya","favorites (#7), ya (#44)",read,,,,1,,,0,,,,,
3636,"The Giver (The Giver, #1)",Lois Lowry,"Lowry, Lois",,"=""0385732554""","=""9780385732550""",5,4.12,Ember,,208,2006,1993,,2016/10/16,"favorites, ya","favorites (#8), ya (#45)",read,,,,1,,,0,,,,,
11306,The Dark Is Rising Sequence  (The Dark Is Rising #1-5),Susan Cooper,"Cooper, Susan",,"=""0020425651""","=""9780020425656""",5,4.29,Simon & Schuster,Paperback,1148,1986,1984,,2016/10/16,"favorites, ya","favorites (#9), ya (#46)",read,,,,1,,,0,,,,,
8568417,"The Commitment: Love, Sex, Marriage, and My Family",Dan Savage,"Savage, Dan",,"=""""","=""""",5,3.95,,Kindle Edition,316,,2005,,2016/10/16,nonfiction,nonfiction (#4),read,,,,1,,,0,,,,,
15838762,North and South,Elizabeth Gaskell,"Gaskell, Elizabeth",,"=""""","=""""",2,4.13,,Kindle Edition,406,2012,1854,,2016/10/16,fiction,fiction (#7),read,,,,1,,,0,,,,,
13573220,Death Comes to Pemberley,P.D. James,"James, P.D.",,"=""0307950654""","=""9780307950659""",2,3.21,Vintage,Paperback,304,2013,2012,,2016/10/16,fiction,fiction (#8),read,,,,1,,,0,,,,,
17277775,Pacific Rim: Tales From Year Zero,Travis Beacham,"Beacham, Travis","Sean Chen, Yvel Guichet, Pericles Junior","=""0785153942""","=""9780785153948""",5,3.78,Legendary Comics,Hardcover,112,2013,2013,,2016/10/16,"favorites, comic-books","favorites (#10), comic-books (#1)",read,,,,1,,,0,,,,,
16078215,The Ocean at the End of the Lane,Neil Gaiman,"Gaiman, Neil",,"=""""","=""""",0,3.99,William Morrow,Kindle Edition,259,2013,2013,,2016/10/16,"to-read, fiction","to-read (#2), fiction (#9)",to-read,,,,0,,,0,,,,,
18775263,The Secret Diary of Lizzie Bennet: A Novel,Bernie Su,"Su, Bernie",Kate Rorick,"=""147676316X""","=""9781476763163""",3,4.00,Touchstone,Paperback,400,2014,2014,,2016/10/16,fiction,fiction (#10),read,,,,1,,,0,,,,,
9444,The Complete Collected Poems,Maya Angelou,"Angelou, Maya",,"=""067942895X""","=""9780679428954""",0,4.40,Random House,Hardcover,273,1994,1986,,2016/10/16,"to-read, poetry","to-read (#1), poetry (#1)",to-read,,,,0,,,0,,,,,
9667124,The Emperor of All Maladies,Siddhartha Mukherjee,"Mukherjee, Siddhartha",,"=""""","=""""",5,4.29,Scribner,Kindle Edition,592,2010,2010,,2016/10/16,"favorites, nonfiction","favorites (#11), nonfiction (#5)",read,,,,1,,,0,,,,,
22846819,Isabella: The Warrior Queen,Kirstin Downey,"Downey, Kirstin",,"=""""","=""""",5,4.09,Nan A. Talese,Kindle Edition,434,2014,2014,,2016/10/16,"favorites, nonfiction","favorites (#20), nonfiction (#6)",read,,,,1,,,0,,,,,
18108877,"Timebound (The Chronos Files, #1)",Rysa Walker,"Walker, Rysa",,"=""""","=""""",3,3.87,Skyscape,Kindle Edition,366,2014,2012,,2016/10/16,ya,ya (#47),read,,,,1,,,0,,,,,
24881421,Sacrificed (The Last Oracle Book 1),Emily Wibberley,"Wibberley, Emily",,"=""""","=""""",4,3.82,Paranoid Productions,Kindle Edition,350,2015,2014,,2016/10/16,ya,ya (#48),read,,,,1,,,0,,,,,
25846699,"Forsworn (The Last Oracle, #2)",Emily Wibberley,"Wibberley, Emily",,"=""""","=""""",5,4.12,Paranoid Productions,Kindle Edition,410,2015,2015,,2016/10/16,ya,ya (#49),read,,,,1,,,0,,,,,
10359696,Parties in Congress,Colette Moody,"Moody, Colette",,"=""1602822026""","=""9781602822023""",5,4.00,Bold Strokes Books,Paperback,264,2011,2011,,2016/10/16,"favorites, fiction","favorites (#12), fiction (#11)",read,,,,1,,,0,,,,,
17465574,Blue Is the Warmest Color,Julie Maroh,"Maroh, Julie",Ivanka Hahnenberger,"=""1551525143""","=""9781551525143""",5,3.92,Arsenal Pulp Press,Paperback,156,2013,2010,,2016/10/16,comic-books,comic-books (#2),read,,,,1,,,0,,,,,
16097463,"Dawn (Xenogenesis, #1)",Octavia E. Butler,"Butler, Octavia E.",,"=""""","=""""",5,4.11,Open Road,Kindle Edition,260,2012,1987,,2016/10/16,fiction,fiction (#12),read,,,,1,,,0,,,,,
25429485,Sisters in Law: How Sandra Day O'Connor and Ruth Bader Ginsburg Went to the Supreme Court and Changed the World,Linda Hirshman,"Hirshman, Linda",,"=""""","=""""",5,3.81,Harper,Kindle Edition,421,2015,2015,,2016/10/16,"favorites, nonfiction","favorites (#13), nonfiction (#7)",read,,,,1,,,0,,,,,
13722677,The Yiddish Policemen's Union,Michael Chabon,"Chabon, Michael",,"=""""","=""""",5,3.69,Harper,Kindle Edition,464,2012,2007,,2016/10/16,fiction,fiction (#13),read,,,,1,,,0,,,,,
18955401,Fic: Why Fanfiction Is Taking Over the World,Anne Jamison,"Jamison, Anne",Lev Grossman,"=""1939529204""","=""9781939529206""",4,3.59,Smart Pop,ebook,297,2013,2013,,2016/10/16,nonfiction,nonfiction (#8),read,,,,1,,,0,,,,,
22294935,"Six of Crows (Six of Crows, #1)",Leigh Bardugo,"Bardugo, Leigh",,"=""""","=""""",4,4.46,Henry Holt and Company,Kindle Edition,462,2015,2015,,2016/10/16,ya,ya (#50),read,,,,1,,,0,,,,,
8194647,To Say Nothing of the Dog,Connie Willis,"Willis, Connie",,"=""""","=""""",2,4.13,Bantam,Kindle Edition,493,2009,1998,,2016/10/16,ya,ya (#51),read,,,,1,,,0,,,,,
25422234,Notorious RBG: The Life and Times of Ruth Bader Ginsburg,Irin Carmon,"Carmon, Irin",Shana Knizhnik,"=""0062415832""","=""9780062415837""",5,4.22,Dey Street Books,Hardcover,227,2015,2015,,2016/10/16,"favorites, nonfiction","favorites (#14), nonfiction (#9)",read,,,,1,,,0,,,,,
13051719,Substitute for Love,Karin Kallmaker,"Kallmaker, Karin",,"=""""","=""""",3,3.82,,Kindle Edition,288,,2001,,2016/10/16,fiction,fiction (#14),read,,,,1,,,0,,,,,
28953803,"Lumberjanes, Vol. 5: Band Together",Noelle Stevenson,"Stevenson, Noelle","Shannon Watters, Carolyn Nowak, Grace Ellis, Brooke A. Allen","=""1608869199""","=""9781608869190""",5,4.01,BOOM! Box,Paperback,112,2016,2016,,2016/10/16,comic-books,comic-books (#3),read,,,,1,,,0,,,,,
27248586,"Lumberjanes, Vol. 4: Out of Time",Noelle Stevenson,"Stevenson, Noelle","Shannon Watters, Grace Ellis, Maarta Laiho, Aubrey Aiese, Brooke A. Allen","=""1608868605""","=""9781608868605""",5,4.31,BOOM! Box,Paperback,112,2016,2016,,2016/10/16,comic-books,comic-books (#4),read,,,,1,,,0,,,,,
25761329,"Lumberjanes, Vol. 3: A Terrible Plan",Noelle Stevenson,"Stevenson, Noelle","Shannon Watters, Carolyn Nowak, Maarta Laiho, Aubrey Aiese, Brittney Williams, Aimee Fleck, Faith Erin Hicks, Rebecca Tobin, Felicia Choo, T. Zysk","=""1608868036""","=""9781608868032""",5,4.10,BOOM! Box,Paperback,112,2016,2016,,2016/10/16,comic-books,comic-books (#5),read,,,,1,,,0,,,,,
24886016,"Lumberjanes, Vol. 2:  Friendship to the Max",Noelle Stevenson,"Stevenson, Noelle","Grace Ellis, Shannon Watters, Maarta Laiho, Brooke A. Allen","=""1608867374""","=""9781608867370""",5,4.20,BOOM! Box,Paperback,126,2015,2015,,2016/10/16,comic-books,comic-books (#6),read,,,,1,,,0,,,,,
25074849,"Bitch Planet, Vol. 1: Extraordinary Machine",Kelly Sue DeConnick,"DeConnick, Kelly Sue","Valentine De Landro, Robert Wilson IV","=""1632153661""","=""9781632153661""",3,4.09,Image Comics,Paperback,156,2015,2015,,2016/10/16,comic-books,comic-books (#7),read,,,,1,,,0,,,,,
22554204,"Lumberjanes, Vol. 1: Beware the Kitten Holy",Noelle Stevenson,"Stevenson, Noelle","Grace Ellis, Faith Hicks, Brooke A. Allen, Shannon Watters, Kat Leyh, Brooke Allen, Carolyn Nowak, Various, Carey Pietsch","=""1608866874""","=""9781608866878""",5,3.94,BOOM! Box,Paperback,128,2015,2015,,2016/10/16,"favorites, comic-books","favorites (#15), comic-books (#8)",read,,,,1,,,0,,,,,
29555236,Hidden Figures: The American Dream and the Untold Story of the Black Women Mathematicians Who Helped Win the Space Race,Margot Lee Shetterly,"Shetterly, Margot Lee",,"=""""","=""""",5,3.92,William Morrow,Kindle Edition,373,2016,2016,2016/11/12,2016/10/16,"favorites, nonfiction","favorites (#16), nonfiction (#10)",read,,,,1,,,0,,,,,
28937572,"Crooked Kingdom (Six of Crows, #2)",Leigh Bardugo,"Bardugo, Leigh",,"=""""","=""""",4,4.62,Henry Holt and Company,Kindle Edition,560,2016,2016,,2016/10/16,ya,ya (#52),read,,,,1,,,0,,,,,
29911668,Where Am I Now?: True Stories of Girlhood and Accidental Fame,Mara Wilson,"Wilson, Mara",,"=""""","=""""",5,3.88,Penguin Books,Kindle Edition,265,2016,2016,,2016/10/16,"favorites, nonfiction","favorites (#18), nonfiction (#11)",read,,,,1,,,0,,,,,
28648863,Juliet Takes a Breath,Gabby Rivera,"Rivera, Gabby",,"=""""","=""""",5,4.27,Riverdale Avenue Books,Kindle Edition,276,2016,2016,,2016/10/16,"favorites, fiction","favorites (#17), fiction (#15)",read,,,,1,,,0,,,,,
119322,"The Golden Compass (His Dark Materials, #1)",Philip Pullman,"Pullman, Philip",,"=""0679879242""","=""9780679879244""",5,3.94,Alfred A. Knopf,Hardcover,399,1996,1995,,2016/10/16,ya,ya (#53),read,,,,1,,,0,,,,,
11595276,The Miseducation of Cameron Post,Emily M. Danforth,"Danforth, Emily M.",,"=""0062020560""","=""9780062020567""",5,3.99,Balzer + Bray,Hardcover,470,2012,2012,,2016/10/16,fiction,fiction (#16),read,,,,1,,,0,,,,,
